{"training loss": 4.182575702667236, "_timestamp": 1715988984.8736486, "_runtime": 901.8892877101898, "_step": 4836, "test loss": 3.77522502551685}