{"training loss": 4.311153411865234, "_timestamp": 1716058137.8836098, "_runtime": 57.622702836990356, "_step": 322, "test loss": 10.850025441434171, "_wandb": {"runtime": 56}}