{"training loss": 10.824620246887207, "_timestamp": 1715985548.1836562, "_runtime": 1.8494181632995605, "_step": 0, "_wandb": {"runtime": 0}}