{"training loss": 10.824690818786621, "_timestamp": 1715985523.2139509, "_runtime": 1.8161308765411377, "_step": 0, "_wandb": {"runtime": 20}}