{"training loss": 5.296013832092285, "_timestamp": 1716058040.1355429, "_runtime": 22.94598889350891, "_step": 194, "test loss": 10.820963497753736, "_wandb": {"runtime": 56}}