{"training loss": 4.158727169036865, "_timestamp": 1715987694.5737634, "_runtime": 107.57390427589417, "_step": 567, "test loss": 4.524742219063851, "_wandb": {"runtime": 199}}