{"training loss": 4.7055559158325195, "_timestamp": 1715986067.7923489, "_runtime": 87.73465275764465, "_step": 747, "test loss": 9.637506008148193, "_wandb": {"runtime": 86}}