{"training loss": 8.330121040344238, "_timestamp": 1715985946.892683, "_runtime": 18.10541009902954, "_step": 1967, "test loss": 14.951053142547607, "_wandb": {"runtime": 46}}