{"training loss": 8.549551010131836, "_timestamp": 1716056994.7418048, "_runtime": 16.166374921798706, "_step": 32, "test loss": 10.835660255707062}