{"training loss": 8.372976303100586, "_timestamp": 1715991069.298286, "_runtime": 10.423155069351196, "_step": 33, "test loss": 10.835669720853055}