{"training loss": 6.1198344230651855, "_timestamp": 1716057944.5110445, "_runtime": 12.538958549499512, "_step": 80, "test loss": 10.834315207388785, "_wandb": {"runtime": 11}}