{"training loss": 10.825238227844238, "_timestamp": 1715987383.3674395, "_runtime": 17.579538583755493, "_step": 0, "_wandb": {"runtime": 12}}