{"training loss": 10.855974197387695, "_timestamp": 1716057899.875113, "_runtime": 1.8206489086151123, "_step": 0, "_wandb": {"runtime": 27}}