{"training loss": 10.60484790802002, "_timestamp": 1715986097.687603, "_runtime": 13.575414896011353, "_step": 19, "test loss": 10.594036102294922, "_wandb": {"runtime": 127}}