{"training loss": 10.825610160827637, "_timestamp": 1715987416.3910508, "_runtime": 2.266995906829834, "_step": 0, "_wandb": {"runtime": 33}}