{"training loss": 4.667658805847168, "_timestamp": 1716058498.5333605, "_runtime": 34.03907251358032, "_step": 299, "test loss": 10.82579265724312, "_wandb": {"runtime": 33}}