{"training loss": 3.934797525405884, "_timestamp": 1715985320.690206, "_runtime": 179.50144696235657, "_step": 628, "test loss": 4.405708521768467, "_wandb": {"runtime": 178}}