{"training loss": 6.489583492279053, "_timestamp": 1715985372.1885257, "_runtime": 29.12327265739441, "_step": 101, "test loss": 10.82593953241073, "_wandb": {"runtime": 112}}