{"training loss": 6.165940761566162, "_timestamp": 1715987835.5598938, "_runtime": 37.7122848033905, "_step": 189, "test loss": 6.434528353216651, "_wandb": {"runtime": 36}}