{"training loss": 10.82486343383789, "_timestamp": 1715987457.451212, "_runtime": 2.202854871749878, "_step": 0, "_wandb": {"runtime": 0}}