{"training loss": 7.323376178741455, "_timestamp": 1715985607.7120922, "_runtime": 41.395912170410156, "_step": 2501, "test loss": 14.434595108032227, "_wandb": {"runtime": 104}}