{"training loss": 10.827796936035156, "_timestamp": 1716057799.929305, "_runtime": 9.876928091049194, "_step": 0, "_wandb": {"runtime": 7}}