{"training loss": 6.803994655609131, "_timestamp": 1715985499.1089087, "_runtime": 39.78965973854065, "_step": 109, "test loss": 6.447860204311523, "_wandb": {"runtime": 38}}