{"training loss": 10.825028419494629, "_timestamp": 1715985851.0985205, "_runtime": 10.043875455856323, "_step": 45, "test loss": 21.627066612243652, "_wandb": {"runtime": 28}}