{"training loss": 3.263864517211914, "_timestamp": 1716060357.2385423, "_runtime": 1847.139345407486, "_step": 15453, "test loss": 3.0360351693522825}