{"iter": 226200, "loss": 4.902846813201904, "_timestamp": 1715984893.6155005, "_runtime": 424.7875394821167, "_step": 2262, "_wandb": {"runtime": 666}}